[
  {
    "model": "movie_app.city",
    "pk": 1,
    "fields": {
      "name": "Kolkata",
      "state": "West Bengal"
    }
  },
  {
    "model": "movie_app.city",
    "pk": 2,
    "fields": {
      "name": "Bangalore",
      "state": "Karnataka"
    }
  },
  {
    "model": "movie_app.cinema",
    "pk": 1,
    "fields": {
      "name": "South City Mall",
      "city": 1
    }
  },
  {
    "model": "movie_app.cinema",
    "pk": 2,
    "fields": {
      "name": "Forum Mall",
      "city": 2
    }
  },
  {
    "model": "movie_app.cinema",
    "pk": 3,
    "fields": {
      "name": "Phoenix Mall",
      "city": 2
    }
  },
  {
    "model": "movie_app.cinema",
    "pk": 4,
    "fields": {
      "name": "Mani Square",
      "city": 1
    }
  },
  {
    "model": "movie_app.movie",
    "pk": 1,
    "fields": {
      "name": "The Conjuring",
      "duration": 120,
      "release_date": "2021-08-29"
    }
  },
  {
    "model": "movie_app.movie",
    "pk": 2,
    "fields": {
      "name": "Bell Bottom",
      "duration": 180,
      "release_date": "2021-08-28"
    }
  },
  {
    "model": "movie_app.movie",
    "pk": 3,
    "fields": {
      "name": "Chehre",
      "duration": 150,
      "release_date": "2021-08-28"
    }
  },
  {
    "model": "movie_app.seat",
    "pk": 1,
    "fields": {
      "seat_no": 1,
      "cinema": 1,
      "seat_type": "Gold",
      "row_no": 1
    }
  },
  {
    "model": "movie_app.seat",
    "pk": 2,
    "fields": {
      "seat_no": 2,
      "cinema": 1,
      "seat_type": "Gold",
      "row_no": 1
    }
  },
  {
    "model": "movie_app.seat",
    "pk": 3,
    "fields": {
      "seat_no": 3,
      "cinema": 1,
      "seat_type": "Gold",
      "row_no": 1
    }
  },
  {
    "model": "movie_app.seat",
    "pk": 4,
    "fields": {
      "seat_no": 4,
      "cinema": 1,
      "seat_type": "Gold",
      "row_no": 1
    }
  },
  {
    "model": "movie_app.seat",
    "pk": 5,
    "fields": {
      "seat_no": 5,
      "cinema": 1,
      "seat_type": "Platinum",
      "row_no": 2
    }
  },
  {
    "model": "movie_app.seat",
    "pk": 6,
    "fields": {
      "seat_no": 6,
      "cinema": 1,
      "seat_type": "Platinum",
      "row_no": 2
    }
  },
  {
    "model": "movie_app.seat",
    "pk": 7,
    "fields": {
      "seat_no": 7,
      "cinema": 1,
      "seat_type": "Platinum",
      "row_no": 2
    }
  },
  {
    "model": "movie_app.seat",
    "pk": 8,
    "fields": {
      "seat_no": 8,
      "cinema": 1,
      "seat_type": "Platinum",
      "row_no": 2
    }
  },
  {
    "model": "movie_app.seat",
    "pk": 9,
    "fields": {
      "seat_no": 1,
      "cinema": 2,
      "seat_type": "Gold",
      "row_no": 1
    }
  },
  {
    "model": "movie_app.seat",
    "pk": 10,
    "fields": {
      "seat_no": 2,
      "cinema": 2,
      "seat_type": "Gold",
      "row_no": 1
    }
  },
  {
    "model": "movie_app.seat",
    "pk": 11,
    "fields": {
      "seat_no": 3,
      "cinema": 2,
      "seat_type": "Gold",
      "row_no": 1
    }
  },
  {
    "model": "movie_app.seat",
    "pk": 12,
    "fields": {
      "seat_no": 4,
      "cinema": 2,
      "seat_type": "Gold",
      "row_no": 1
    }
  },
  {
    "model": "movie_app.seat",
    "pk": 13,
    "fields": {
      "seat_no": 5,
      "cinema": 2,
      "seat_type": "Platinum",
      "row_no": 2
    }
  },
  {
    "model": "movie_app.seat",
    "pk": 14,
    "fields": {
      "seat_no": 6,
      "cinema": 2,
      "seat_type": "Platinum",
      "row_no": 2
    }
  },
  {
    "model": "movie_app.seat",
    "pk": 15,
    "fields": {
      "seat_no": 7,
      "cinema": 2,
      "seat_type": "Platinum",
      "row_no": 2
    }
  },
  {
    "model": "movie_app.seat",
    "pk": 16,
    "fields": {
      "seat_no": 8,
      "cinema": 2,
      "seat_type": "Platinum",
      "row_no": 2
    }
  },
  {
    "model": "movie_app.seat",
    "pk": 17,
    "fields": {
      "seat_no": 1,
      "cinema": 3,
      "seat_type": "Gold",
      "row_no": 1
    }
  },
  {
    "model": "movie_app.seat",
    "pk": 18,
    "fields": {
      "seat_no": 2,
      "cinema": 3,
      "seat_type": "Gold",
      "row_no": 1
    }
  },
  {
    "model": "movie_app.seat",
    "pk": 19,
    "fields": {
      "seat_no": 3,
      "cinema": 3,
      "seat_type": "Gold",
      "row_no": 1
    }
  },
  {
    "model": "movie_app.seat",
    "pk": 20,
    "fields": {
      "seat_no": 4,
      "cinema": 3,
      "seat_type": "Gold",
      "row_no": 1
    }
  },
  {
    "model": "movie_app.seat",
    "pk": 21,
    "fields": {
      "seat_no": 5,
      "cinema": 3,
      "seat_type": "Platinum",
      "row_no": 2
    }
  },
  {
    "model": "movie_app.seat",
    "pk": 22,
    "fields": {
      "seat_no": 6,
      "cinema": 3,
      "seat_type": "Platinum",
      "row_no": 2
    }
  },
  {
    "model": "movie_app.seat",
    "pk": 23,
    "fields": {
      "seat_no": 7,
      "cinema": 3,
      "seat_type": "Platinum",
      "row_no": 2
    }
  },
  {
    "model": "movie_app.seat",
    "pk": 24,
    "fields": {
      "seat_no": 8,
      "cinema": 3,
      "seat_type": "Platinum",
      "row_no": 2
    }
  },
  {
    "model": "movie_app.seat",
    "pk": 25,
    "fields": {
      "seat_no": 1,
      "cinema": 4,
      "seat_type": "Gold",
      "row_no": 1
    }
  },
  {
    "model": "movie_app.seat",
    "pk": 26,
    "fields": {
      "seat_no": 2,
      "cinema": 4,
      "seat_type": "Gold",
      "row_no": 1
    }
  },
  {
    "model": "movie_app.seat",
    "pk": 27,
    "fields": {
      "seat_no": 3,
      "cinema": 4,
      "seat_type": "Gold",
      "row_no": 1
    }
  },
  {
    "model": "movie_app.seat",
    "pk": 28,
    "fields": {
      "seat_no": 4,
      "cinema": 4,
      "seat_type": "Gold",
      "row_no": 1
    }
  },
  {
    "model": "movie_app.seat",
    "pk": 29,
    "fields": {
      "seat_no": 5,
      "cinema": 4,
      "seat_type": "Platinum",
      "row_no": 2
    }
  },
  {
    "model": "movie_app.seat",
    "pk": 30,
    "fields": {
      "seat_no": 6,
      "cinema": 4,
      "seat_type": "Platinum",
      "row_no": 2
    }
  },
  {
    "model": "movie_app.seat",
    "pk": 31,
    "fields": {
      "seat_no": 7,
      "cinema": 4,
      "seat_type": "Platinum",
      "row_no": 2
    }
  },
  {
    "model": "movie_app.seat",
    "pk": 32,
    "fields": {
      "seat_no": 8,
      "cinema": 4,
      "seat_type": "Platinum",
      "row_no": 2
    }
  },
  {
    "model": "movie_app.screening",
    "pk": 1,
    "fields": {
      "cinema": 1,
      "movie": 2,
      "date": "2021-08-28",
      "start_time": "09:00:00",
      "available": true
    }
  },
  {
    "model": "movie_app.screening",
    "pk": 2,
    "fields": {
      "cinema": 2,
      "movie": 1,
      "date": "2021-08-29",
      "start_time": "09:00:00",
      "available": true
    }
  },
  {
    "model": "movie_app.screening",
    "pk": 3,
    "fields": {
      "cinema": 3,
      "movie": 3,
      "date": "2021-08-29",
      "start_time": "09:00:00",
      "available": true
    }
  },
  {
    "model": "movie_app.screening",
    "pk": 4,
    "fields": {
      "cinema": 4,
      "movie": 2,
      "date": "2021-08-29",
      "start_time": "09:00:00",
      "available": true
    }
  },
  {
    "model": "movie_app.screening",
    "pk": 5,
    "fields": {
      "cinema": 1,
      "movie": 3,
      "date": "2021-08-29",
      "start_time": "12:00:00",
      "available": true
    }
  },
  {
    "model": "movie_app.screening",
    "pk": 6,
    "fields": {
      "cinema": 2,
      "movie": 2,
      "date": "2021-08-29",
      "start_time": "12:00:00",
      "available": true
    }
  },
  {
    "model": "movie_app.screening",
    "pk": 7,
    "fields": {
      "cinema": 4,
      "movie": 1,
      "date": "2021-08-29",
      "start_time": "12:00:00",
      "available": true
    }
  },
  {
    "model": "movie_app.screening",
    "pk": 8,
    "fields": {
      "cinema": 3,
      "movie": 1,
      "date": "2021-08-29",
      "start_time": "12:00:00",
      "available": true
    }
  },
  {
    "model": "movie_app.seatmapping",
    "pk": 1,
    "fields": {
      "screening": 1,
      "seat": 1,
      "price": "100.00",
      "booked": false
    }
  },
  {
    "model": "movie_app.seatmapping",
    "pk": 2,
    "fields": {
      "screening": 1,
      "seat": 2,
      "price": "100.00",
      "booked": false
    }
  },
  {
    "model": "movie_app.seatmapping",
    "pk": 3,
    "fields": {
      "screening": 1,
      "seat": 3,
      "price": "100.00",
      "booked": false
    }
  },
  {
    "model": "movie_app.seatmapping",
    "pk": 4,
    "fields": {
      "screening": 1,
      "seat": 4,
      "price": "100.00",
      "booked": false
    }
  },
  {
    "model": "movie_app.seatmapping",
    "pk": 5,
    "fields": {
      "screening": 1,
      "seat": 5,
      "price": "200.00",
      "booked": false
    }
  },
  {
    "model": "movie_app.seatmapping",
    "pk": 6,
    "fields": {
      "screening": 1,
      "seat": 6,
      "price": "200.00",
      "booked": false
    }
  },
  {
    "model": "movie_app.seatmapping",
    "pk": 7,
    "fields": {
      "screening": 1,
      "seat": 7,
      "price": "200.00",
      "booked": false
    }
  },
  {
    "model": "movie_app.seatmapping",
    "pk": 8,
    "fields": {
      "screening": 1,
      "seat": 8,
      "price": "200.00",
      "booked": false
    }
  },
  {
    "model": "movie_app.seatmapping",
    "pk": 9,
    "fields": {
      "screening": 2,
      "seat": 9,
      "price": "150.00",
      "booked": false
    }
  },
  {
    "model": "movie_app.seatmapping",
    "pk": 10,
    "fields": {
      "screening": 2,
      "seat": 10,
      "price": "150.00",
      "booked": false
    }
  },
  {
    "model": "movie_app.seatmapping",
    "pk": 11,
    "fields": {
      "screening": 2,
      "seat": 11,
      "price": "150.00",
      "booked": false
    }
  },
  {
    "model": "movie_app.seatmapping",
    "pk": 12,
    "fields": {
      "screening": 2,
      "seat": 12,
      "price": "150.00",
      "booked": false
    }
  },
  {
    "model": "movie_app.seatmapping",
    "pk": 13,
    "fields": {
      "screening": 2,
      "seat": 13,
      "price": "300.00",
      "booked": false
    }
  },
  {
    "model": "movie_app.seatmapping",
    "pk": 14,
    "fields": {
      "screening": 2,
      "seat": 14,
      "price": "300.00",
      "booked": false
    }
  },
  {
    "model": "movie_app.seatmapping",
    "pk": 15,
    "fields": {
      "screening": 2,
      "seat": 15,
      "price": "300.00",
      "booked": false
    }
  },
  {
    "model": "movie_app.seatmapping",
    "pk": 16,
    "fields": {
      "screening": 2,
      "seat": 16,
      "price": "300.00",
      "booked": false
    }
  }
]
